{"cameraMode":{"drawMode":0,"name":"Shaded","section":"Shading Mode"},"sceneLighting":true,"audioPlay":false,"sceneViewState":{"m_AlwaysRefresh":false,"showFog":true,"showSkybox":true,"showFlares":true,"showImageEffects":true,"showParticleSystems":true,"showVisualEffectGraphs":true,"m_FxEnabled":true},"in2DMode":false,"pivot":{"x":421.47991943359377,"y":155.6837158203125,"z":359.2198486328125},"rotation":{"x":-0.013809125870466233,"y":0.0005972001235932112,"z":-0.000008263375093520153,"w":-0.9999051690101624},"size":537.9556274414063,"orthographic":true}